id,text
1,Everybody Everybody - Black Box
2,Close To You - Maxi Priest
3,Do Me! - Bell Biv DeVoe
4,Everything - Jody Watley
5,What It Takes - Aerosmith
6,Alright - Janet Jackson
7,Love Song - Tesla
8,Poison - Bell Biv DeVoe
9,Enjoy The Silence - Depeche Mode
10,Free Fallin’ - Tom Petty
11,Another Day In Paradise - Phil Collins
12,Forever - Kiss
13,It Must Have Been Love - Roxette
14,Unchained Melody - the Righteous Brothers
15,Dangerous - Roxette
16,We Didn’t Start The Fire - Billy Joel
17,Just A Friend - Biz Markie
18,Swing The Mood - Jive Bunny and the Mastermixers
19,The Power - Snap!
20,Come Back To Me - Janet Jackson
21,Nothing Compares 2 U - Sinéad O’Connor
22,Without You - Mötley Crüe
23,Can’t Stop - After 7
24,Black Velvet - Alannah Myles
25,U Can’t Touch This - MC Hammer
26,Hold On - Wilson Phillips
27,Hold On - En Vogue
28,Step - STEP
29,Ice Ice Baby - Vanilla Ice
30,How Am I Supposed To Live Without You - Michael Bolton
31,Pump Up The Jam - Technotronic featuring Felly
32,Pray - M.C. Hammer
33,Ready Or Not - After 7
34,I Remember You - Skid Row
35,Jerk Out - The Time
36,Vogue - Madonna
37,All I Wanna Do Is Make Love To You - Heart
38,Do You Remember - Phil Collins
39,Epic - Faith No More
40,Black Cat - Janet Jackson
41,I Wish It Would Rain Down - Phil Collins
42,All Around The World - Lisa Stansfield
43,King Of Wishful Thinking - Go West
44,No More Lies - Michel’le
45,Blaze Of Glory - Jon Bon Jovi
46,The Humpty Dance - Digital Underground
47,Don’t Wanna Fall In Love - Jane Child
48,Just Like Jesse James - Cher
49,Romeo - Dino
50,Something Happened On The Way To Heaven - Phil Collins
51,Unskinny Bop - Poison
52,I Don’t Have The Heart - James Ingram
53,Love Will Lead You Back - Taylor Dayne
54,Release Me - Wilson Phillips
55,Roam - The B-52s
56,Get Up! (BEFORE The Night Is Over) - Technotronic featuring Ya Kid K
57,Vision Of Love - Mariah Carey
58,Whole Wide World - A’me Lorain
59,Feels Good - Tony! Toni! Tone!
60,Sending All My Love - Linear
61,Here And Now - Luther Vandross
62,How Can We Be Lovers - Michael Bolton
63,Escapade - Janet Jackson
64,Oh Girl - Paul Young
65,Opposites Attract - Paula Abdul and The Wild Pair
66,Praying For Time - George Michael
67,Back To Life (HOWEVER Do You Want Me) - Soul II Soul featuring Caron Wheeler
68,Cradle Of Love - Billy Idol
69,Downtown Train - Rod Stewart
70,More Than Words Can Say - Alias
71,What Kind Of Man Would I Be? - Chicago
72,Rhythm Nation - Janet Jackson
73,All Or Nothing - Milli Vanilli
74,Don’t Know Much - Linda Ronstadt and Aaron Neville
75,Blame It On The Rain - Milli Vanilli
76,Have You Seen Her - MC Hammer
77,I Go To Extremes - Billy Joel
78,Rub You The Right Way - Johnny Gill
79,Here We Are - Gloria Estefan
80,Just Between You And Me - Lou Gramm
81,When I’m Back On My Feet Again - Michael Bolton
82,Janie’s Got A Gun - Aerosmith
83,Whip Appeal - Babyface
84,Thieves In The Temple - Prince
85,Two To Make It Right - Seduction
86,With Every Beat Of My Heart - Taylor Dayne
87,Giving You The Benefit - Pebbles
88,I Wanna Be Rich - Calloway
89,If Wishes Came True - Sweet Sensation
90,Price Of Love - Bad English
91,We Can’t Go Wrong - The Cover Girls
92,Make You Sweat (#14) - Keith Sweat
93,This One’s For The Children - New Kids on the Block
94,She Ain’t Worth It - Glenn Medeiros and Bobby Brown
95,Girls Nite Out - Tyler Collins
96,C’mon And Get My Love - D Mob featuring Cathy Dennis
97,(CAN’T Live Without Your) Love And Affection - Nelson
98,I’ll Be Your Everything - Tommy Page
99,I’ll Be Your Shelter - Taylor Dayne
100,Romantic - Karyn White
101,Baby Baby - Amy Grant
102,Losing My Religion - R.E.M.
103,The First Time - Surface
104,Joyride - Roxette
105,Rush Rush - Paula Abdul
106,Wicked Game - Chris Isaak
107,Crazy - Seal
108,Wind Of Change - Scorpions
109,Enter Sandman - Metallica
110,It Ain’t Over ‘TIL It’s Over - Lenny Kravitz
111,More Than Words - Extreme
112,Power Of Love/Love Power - Luther Vandross
113,Summertime - DJ Jazzy Jeff & The Fresh Prince
114,Play That Funky Music - Vanilla Ice
115,Someday - Mariah Carey
116,Disappear - INXS
117,Good Vibrations - Marky Mark and the Funky Bunch featuring Loleatta Holloway
118,Shiny Happy People - R.E.M.
119,High Enough - Damn Yankees
120,Gonna Make You Sweat (EVERYBODY Dance Now) - C+C Music Factory
121,Something To Talk About - Bonnie Raitt
122,Round And Round - Tevin Campbell
123,Cream - Prince and The New Power Generation
124,Emotions - Mariah Carey
125,Piece Of My Heart - Tara Kemp
126,Temptation - Corina
127,Freedom 90 - George Michael
128,Show Me The Way - Styx
129,O.P.P. - Naughty by Nature
130,Unbelievable - EMF
131,(EVERYTHING I Do) I Do It For You - Bryan Adams
132,I Saw Red - Warrant
133,Signs - Tesla
134,I Touch Myself - Divinyls
135,I’ll Be There - The Escape Club
136,Get Here - Oleta Adams
137,Now That We Found Love - Heavy D & the Boyz
138,All This Time - Sting
139,I Wanna Sex You Up - Color Me Badd
140,Love Of A Lifetime - FireHouse
141,Motownphilly - Boyz II Men
142,Sadeness (PART I) - Enigma
143,The One And Only - Chesney Hawkes
144,This House - Tracie Spencer
145,Silent Lucidity - Queensrÿche
146,Impulsive - Wilson Phillips
147,One More Try - Timmy T
148,The Way You Do The Things You Do - UB40
149,Where Does My Heart Beat Now - Celine Dion
150,Don’t Cry - Guns N’ Roses
151,Here I Am (COME And Take Me) - UB40
152,Love Takes Time - Mariah Carey
153,Miles Away - Winger
154,P.A.S.S.I.O.N. - Rythm Syndicate
155,"Right Here, Right Now - Jesus Jones"
156,Coming Out Of The Dark - Gloria Estefan
157,Do Anything - Natural Selection
158,Strike It Up - Black Box
159,Tom’s Diner - DNA featuring Suzanne Vega
160,All The Man That I Need - Whitney Houston
161,I Don’t Wanna Cry - Mariah Carey
162,I’m Your Baby Tonight - Whitney Houston
163,Around The Way Girl - LL Cool J
164,From A Distance - Bette Midler
165,Something To Believe In - Poison
166,Hold You Tight - Tara Kemp
167,Hole Hearted - Extreme
168,Sensitivity - Ralph Tresvant
169,I Like The Way (THE Kissing Game) - Hi-Five
170,Just Another Dream - Cathy Dennis
171,After The Rain - Nelson
172,Place In This World - Michael W. Smith
173,Real Real Real - Jesus Jones
174,Everybody Plays The Fool - Aaron Neville
175,Fading Like A Flower (EVERY Time You Leave) - Roxette
176,Love Will Never Do (WITHOUT You) - Janet Jackson
177,Rhythm Of My Heart - Rod Stewart
178,The Motown Song - Rod Stewart
179,Justify My Love - Madonna
180,Things That Make You Go Hmmm… - C+C Music Factory
181,Can’t Stop This Thing We Started - Bryan Adams
182,I’ve Been Thinking About You - Londonbeat
183,I Adore Mi Amor - Color Me Badd
184,Love Is A Wonderful Thing - Michael Bolton
185,Too Many Walls - Cathy Dennis
186,"Time, Love And Tenderness - Michael Bolton"
187,Touch Me (ALL Night Long) - Cathy Dennis
188,Every Heartbeat - Amy Grant
189,Here We Go (LET’S Rock N’ Roll) - C+C Music Factory featuring Freedom Williams & Zelma Davis
190,I’m Not In Love - Will to Power
191,Iesha - Another Bad Creation
192,The Promise Of A New Day - Paula Abdul
193,Rico Suave - Gerardo
194,Cry For Help - Rick Astley
195,Because I Love You (THE Postman Song) - Stevie B
196,3 A.M. Eternal - The KLF
197,I’ll Give All My Love To You - Keith Sweat
198,You’re In Love - Wilson Phillips
199,I Can’t Wait Another Minute - Hi-Five
200,The One - Elton John
201,One - U2
202,Stay - Shakespears Sister
203,Under The Bridge - Red Hot Chili Peppers
204,Tennessee - Arrested Development
205,November Rain - Guns N’ Roses
206,Real Love - Mary J. Blige
207,Smells Like Teen Spirit - Nirvana
208,Everything About You - Ugly Kid Joe
209,Jump - Kris Kross
210,Jump Around - House of Pain
211,Please Don’t Go - KWS
212,I Wanna Love You - Jade
213,Life Is A Highway - Tom Cochrane
214,Remember The Time - Michael Jackson
215,All I Want - Toad the Wet Sprocket
216,Bohemian Rhapsody - Queen
217,Erotica - Madonna
218,Masterpiece - Atlantic Starr
219,Rhythm Is A Dancer - Snap!
220,Baby Got Back - Sir Mix-a-Lot
221,Forever Love - Color Me Badd
222,Achy Breaky Heart - Billy Ray Cyrus
223,Black Or White - Michael Jackson
224,Tears In Heaven - Eric Clapton
225,To Be With You - Mr. Big
226,Slow Motion - Color Me Badd
227,When A Man Loves A Woman - Michael Bolton
228,End Of The Road - Boyz II Men
229,Save The Best For Last - Vanessa Williams
230,Would I Lie To You? - Charles & Eddie
231,All 4 Love - Color Me Badd
232,I Can’t Dance - Genesis
233,People Everyday - Arrested Development
234,I’ll Be There - Mariah Carey featuring Trey Lorenz
235,When I Look Into Your Eyes - FireHouse
236,Beauty And The Beast - Celine Dion and Peabo Bryson
237,Breakin’ My Heart (PRETTY Brown Eyes) - Mint Condition
238,Don’t Let The Sun Go Down On Me - George Michael and Elton John
239,I Love Your Smile - Shanice
240,In The Closet - Michael Jackson
241,Make It Happen - Mariah Carey
242,Hazard - Richard Marx
243,Hold On My Heart - Genesis
244,Rump Shaker - Wreckx-N-Effect
245,Wildside - Marky Mark and the Funky Bunch
246,Wishing On A Star - The Cover Girls
247,Finally - CeCe Peniston
248,Free Your Mind - En Vogue
249,Friday I’m In Love - The Cure
250,If You Asked Me To - Celine Dion
251,Just Another Day - Jon Secada
252,No Son Of Mine - Genesis
253,The Best Things In Life Are Free - Luther Vandross and Janet Jackson featuring Bell Biv Devoe and Ralph Tresvant
254,Back To The Hotel - N2Deep
255,Come And Talk To Me - Jodeci
256,Damn I Wish I Was Your Lover - Sophie B. Hawkins
257,Good For Me - Amy Grant
258,Move This - Technotronic featuring Ya Kid K
259,Have You Ever Needed Someone So Bad - Def Leppard
260,Missing You Now - Michael Bolton featuring Kenny G
261,Set Adrift On Memory Bliss - P.M. Dawn
262,Too Funky - George Michael
263,Baby-Baby-Baby - TLC
264,Mysterious Ways - U2
265,This Used To Be My Playground - Madonna
266,2 Legit 2 Quit - Hammer
267,Thinkin’ Back - Color Me Badd
268,Can’t Let Go - Mariah Carey
269,Giving Him Something He Can Feel - En Vogue
270,It’s So Hard To Say Goodbye To Yesterday - Boyz II Men
271,Take This Heart - Richard Marx
272,Diamonds And Pearls - Prince and The New Power Generation
273,Tell Me What You Want Me To Do - Tevin Campbell
274,Everything Changes - Kathy Troccoli
275,Live And Learn - Joe Public
276,Warm It Up - Kris Kross
277,Humpin’ Around - Bobby Brown
278,Keep Coming Back - Richard Marx
279,She’s Playing Hard To Get - Hi-Five
280,Do I Have To Say The Words? - Bryan Adams
281,We Got A Love Thang - CeCe Peniston
282,Keep On Walkin’ - CeCe Peniston
283,Uhh Ahh - Boyz II Men
284,Thought I’d Died And Gone To Heaven - Bryan Adams
285,Blowing Kisses In The Wind - Paula Abdul
286,Addams Groove - Hammer
287,Ain’t 2 Proud 2 Beg - TLC
288,I’m Too Sexy - Right Said Fred
289,Justified And Ancient - The KLF featuring Tammy Wynette
290,Sometimes Love Just Ain’t Enough - Patty Smyth and Don Henley
291,The Way I Feel About You - Karyn White
292,My Lovin’ (YOU’RE Never Gonna Get It) - En Vogue
293,Let’s Get Rocked - Def Leppard
294,That’s What Love Is For - Amy Grant
295,If - Janet Jackson
296,Rain - Madonna
297,Alright - Kris Kross
298,It Was A Good Day - Ice Cube
299,Love Is - Vanessa Williams and Brian McKnight
300,7 - Prince and The New Power Generation
301,Again - Janet Jackson
302,I Will Always Love You - Whitney Houston
303,Nuthin’ But A ‘G’ Thang - Dr. Dre
304,Angel - Jon Secada
305,Freak Me - Silk
306,I’m Gonna Be (500 Miles) - The Proclaimers
307,I Have Nothing - Whitney Houston
308,Sweat (A La La La La Long) - Inner Circle
309,Ordinary World - Duran Duran
310,Two Princes - Spin Doctors
311,Bed Of Roses - Bon Jovi
312,Insane In The Brain - Cypress Hill
313,Layla - Eric Clapton
314,Show Me Love - Robin S.
315,Baby I’m Yours - Shai
316,Rhythm Is A Dancer - Snap!
317,Come Undone - Duran Duran
318,Runaway Train - Soul Asylum
319,Bad Boys - Inner Circle
320,Faithful - Go West
321,Hip Hop Hooray - Naughty by Nature
322,To Love Somebody - Michael Bolton
323,I Get Around - 2Pac
324,Connected - Stereo MC’s
325,A Whole New World - Peabo Bryson and Regina Belle
326,Cryin’ - Aerosmith
327,More And More - Captain Hollywood Project
328,The River Of Dreams - Billy Joel
329,Walking On Broken Glass - Annie Lennox
330,Hey Mr. D.J. - Zhané
331,Informer - Snow
332,Knockin’ Da Boots - H-Town
333,Weak - SWV
334,When She Cries - Restless Heart
335,Get Away - Bobby Brown
336,I Got A Man - Positive K
337,Dre Day - Dr. Dre featuring Snoop Doggy Dogg
338,Have I Told You Lately - Rod Stewart
339,If I Ever Fall In Love - Shai
340,Good Enough - Bobby Brown
341,One Last Cry - Brian McKnight
342,Rebirth Of Slick (COOL Like Dat) - Digable Planets
343,Who Is It - Michael Jackson
344,Whoomp! (THERE It Is) - Tag Team
345,Anniversary - Tony! Toni! Toné!
346,Another Sad Love Song - Toni Braxton
347,Love Is On The Way - Saigon Kick
348,Slam - Onyx
349,Dreamlover - Mariah Carey
350,Livin’ On The Edge - Aerosmith
351,Forever In Love - Kenny G
352,Ditty - Paperboy
353,Here We Go Again! - Portrait
354,Three Little Pigs - Green Jellÿ
355,Two Steps Behind - Def Leppard
356,Lately - Jodeci
357,Mr. Wendal - Arrested Development
358,Boom! Shake The Room - DJ Jazzy Jeff & The Fresh Prince
359,What About Your Friends - TLC
360,Deeper And Deeper - Madonna
361,Will You Be There - Michael Jackson
362,Don’t Walk Away - Jade
363,I’d Die Without You - P.M. Dawn
364,I’m So Into You - SWV
365,Comforter - Shai
366,How Do You Talk To An Angel - The Heights
367,I Don’t Wanna Fight - Tina Turner
368,What’s Up? - 4 Non Blondes
369,If I Had No Loot - Tony! Toni! Toné!
370,Can’t Help Falling In Love - UB40
371,Reason To Believe - Rod Stewart
372,Do You Believe In Us - Jon Secada
373,In The Still Of The Nite - Boyz II Men
374,"Give It Up, Turn It Loose - En Vogue"
375,Saving Forever For You - Shanice
376,Looking Through Patient Eyes - P.M. Dawn
377,Dazzey Duks - Duice
378,The Right Kind Of Love - Jeremy Jordan
379,Right Here (HUMAN Nature Remix) - SWV
380,"Whoot, There It Is - 95 South"
381,I’m Every Woman - Whitney Houston
382,Little Miss Can’t Be Wrong - Spin Doctors
383,Nothin’ My Love Can’t Fix - Joey Lawrence
384,Shoop (#5*) - Salt N’ Pepa
385,Cat’s In The Cradle - Ugly Kid Joe
386,That’s What Love Can Do - Boy Krazy
387,I’ll Never Get Over You (GETTING Over Me) - Exposé
388,That’s The Way Love Goes - Janet Jackson
389,Stay - Eternal
390,Linger - The Cranberries
391,If You Go - Jon Secada
392,The Sign - Ace of Base
393,I Miss You - Aaron Hall
394,What Is Love - Haddaway
395,Always - Bon Jovi
396,Always - Erasure
397,Crazy - Aerosmith
398,Again - Janet Jackson
399,All That She Wants - Ace of Base
400,Anything - SWV
401,Streets Of Philadelphia - Bruce Springsteen
402,The Power Of Love - Céline Dion
403,I Can See Clearly Now - Jimmy Cliff
404,Gin And Juice - Snoop Doggy Dogg
405,Regulate - Warren G featuring Nate Dogg
406,Hero - Mariah Carey
407,Mr. Vain - Culture Beat
408,Loser - Beck
409,Shoop - Salt-n-Pepa
410,"Baby, I Love Your Way - Big Mountain"
411,Shine - Collective Soul
412,So Much In Love - All-4-One
413,Keep Ya Head Up - 2Pac
414,Now And Forever - Richard Marx
415,Far Behind - Candlebox
416,Never Lie - Immature
417,Return To Innocence - Enigma
418,"Because The Night - 10,000 Maniacs"
419,This D.J. - Warren G
420,When Can I See You - Babyface
421,Can We Talk - Tevin Campbell
422,Indian Outlaw - Tim McGraw
423,Mmm Mmm Mmm Mmm - Crash Test Dummies
424,Said I Loved You…But I Lied - Michael Bolton
425,Whatta Man - Salt-n-Pepa and En Vogue
426,Circle Of Life - Elton John
427,Lucky One - Amy Grant
428,(AT Your Best) You Are Love - Aaliyah
429,Amazing - Aerosmith
430,Secret - Madonna
431,Wild Night - John Mellencamp featuring Me’shell Ndegeocello
432,Don’t Take The Girl - Tim McGraw
433,Stay (I Missed You) - Lisa Loeb and Nine Stories
434,Breathe Again - Toni Braxton
435,Fantastic Voyage - Coolio
436,I Swear - All-4-One
437,"All For Love - Bryan Adams, Rod Stewart and Sting"
438,"Any Time, Any Place - Janet Jackson"
439,Back & Forth - Aaliyah
440,Can You Feel The Love Tonight - Elton John
441,I’d Do Anything For Love (BUT I Wont Do That) - Meat Loaf
442,Don’t Turn Around - Ace of Base
443,I’m Ready - Tevin Campbell
444,Beautiful In My Eyes - Joshua Kadison
445,Cry For You - Jodeci
446,The Most Beautiful Girl In The World - Prince
447,"What’s The Frequency, Kenneth? - R.E.M."
448,Bump N’ Grind - R. Kelly
449,Endless Love - Luther Vandross and Mariah Carey
450,Flava In Ya Ear - Craig Mack
451,Just Kickin’ It - Xscape
452,Please Forgive Me - Bryan Adams
453,What’s My Name? - Snoop Doggy Dogg
454,Come To My Window - Melissa Etheridge
455,Tootsee Roll - 69 Boyz
456,Always In My Heart - Tevin Campbell
457,Funkdafied - Da Brat
458,Groove Thang - Zhané
459,The Way She Loves Me - Richard Marx
460,Anytime You Need A Friend - Mariah Carey
461,You Mean The World To Me - Toni Braxton
462,Cantaloop (FLIP Fantasia) - Us3
463,Understanding - Xscape
464,I’m The Only One - Melissa Etheridge
465,Stroke You Up - Changing Faces
466,Mary Jane’s Last Dance - Tom Petty and the Heartbreakers
467,Getto Jam - Domino
468,Never Keeping Secrets - Babyface
469,Got Me Waiting - Heavy D & the Boyz
470,Turn The Beat Around - Gloria Estefan
471,Gangsta Lean - DRS
472,I’ll Stand By You - Pretenders
473,Prayer For The Dying - Seal
474,Because Of Love - Janet Jackson
475,Rock And Roll Dreams Come Through - Meat Loaf
476,Your Body’s Callin’ - R. Kelly
477,Without You / Never Forget You - Mariah Carey
478,I’ll Remember - Madonna
479,I’ll Take You There - General Public
480,Someone To Love - Jon B. featuring Babyface
481,Believe - Elton John
482,Creep - TLC
483,Baby - Brandy
484,I Know - Dionne Farris
485,Come And Get Your Love - Real McCoy
486,Runaway - Janet Jackson
487,Total Eclipse Of The Heart - Nicki French
488,Scream - Michael Jackson and Janet Jackson
489,Carnival - Natalie Merchant
490,Thank You - Boyz II Men
491,Fantasy - Mariah Carey
492,December - Collective Soul
493,"December, 1963 (OH, What A Night) - The Four Seasons"
494,Every Little Thing I Do - Soul for Real
495,I Believe - Blessid Union of Souls
496,I Got 5 On It - Luniz
497,If You Love Me - Brownstone
498,Misery - Soul Asylum
499,Take A Bow - Madonna
500,Waterfalls - TLC
501,All I Wanna Do - Sheryl Crow
502,Boombastic - Shaggy
503,Hold On - Jamie Walters
504,Back For Good - Take That
505,Dear Mama - 2Pac
506,You Gotta Be - Des’ree
507,Have You Ever Really Loved A Woman? - Bryan Adams
508,Here Comes The Hotstepper - Ini Kamoze
509,I Wish - Skee-Lo
510,Candy Rain - Soul for Real
511,Do You Sleep? - Lisa Loeb & Nine Stories
512,You Are Not Alone - Michael Jackson
513,Feel Me Flow - Naughty by Nature
514,Name - Goo Goo Dolls
515,This Is How We Do It - Montell Jordan
516,1st Of Tha Month - Bone Thugs-n-Harmony
517,Let Her Cry - Hootie & the Blowfish
518,Run-Around - Blues Traveler
519,Another Night - Real McCoy
520,I Wanna Be Down - Brandy
521,Run Away - Real McCoy
522,Keep Their Heads Ringin’ - Dr. Dre
523,Roll To Me - Del Amitri
524,You Don’t Know How It Feels - Tom Petty
525,Colors Of The Wind - Vanessa Williams
526,Hold My Hand - Hootie & the Blowfish
527,Strong Enough - Sheryl Crow
528,One More Chance - The Notorious B.I.G.
529,Cotton Eye Joe - Rednex
530,This Ain’t A Love Song - Bon Jovi
531,Brokenhearted - Brandy featuring Wanya Morris
532,Shy Guy - Diana King
533,Freak Like Me - Adina Howard
534,The Rhythm Of The Night - Corona
535,Before I Let You Go - Blackstreet
536,I Can Love You Like That - All-4-One
537,Who Can I Run To - Xscape
538,100% Pure Love - Crystal Waters
539,Don’t Take It Personal (JUST One Of Dem Days) - Monica
540,On Bended Knee - Boyz II Men
541,Red Light Special - TLC
542,As I Lay Me Down - Sophie B. Hawkins
543,How High - Redman/Method Man
544,I’ll Make Love To You - Boyz II Men
545,Ask Of You - Raphael Saadiq
546,"Hold Me, Thrill Me, Kiss Me, Kill Me - U2"
547,Water Runs Dry - Boyz II Men
548,He’s Mine - Mokenstef
549,I’m The Only One - Melissa Etheridge
550,Short Dick Man - 20 Fingers featuring Gillette
551,Bang And Blame - R.E.M.
552,Practice (WHAT You Preach) - Barry White
553,Sugar Hill - AZ
554,The Sweetest Days - Vanessa Williams
555,Sukiyaki - 4 P.M.
556,Can’t You See - Total featuring The Notorious B.I.G.
557,Constantly - Immature
558,No More I Love You’s - Annie Lennox
559,This Lil’ Game We Play - Subway featuring 702
560,Every Day Of The Week - Jade
561,In The House Of Stone And Light - Martin Page
562,Player’s Anthem - Junior M.A.F.I.A. featuring The Notorious B.I.G.
563,Freek’n You - Jodeci
564,I’d Lie For You (AND That’s The Truth) - Meat Loaf
565,I’ll Be There For You/You’re All I Need To Get - by Method Man featuring Mary J. Blige
566,Nobody - Keith Sweat featuring Athena Cage
567,Time - Hootie & the Blowfish
568,Hay - Crucial Conflict
569,Jealousy - Natalie Merchant
570,Be My Lover - La Bouche
571,Wonder - Natalie Merchant
572,1979 - The Smashing Pumpkins
573,No Diggity - Blackstreet featuring Dr. Dre
574,Sweet Dreams - La Bouche
575,Wonderwall - Oasis
576,Anything - 3T
577,Because You Loved Me - Celine Dion
578,Ironic - Alanis Morissette
579,Lady - D’Angelo
580,Give Me One Reason - Tracy Chapman
581,Count On Me - Whitney Houston featuring CeCe Winans
582,Hey Lover - LL Cool J
583,Always Be My Baby - Mariah Carey
584,Kiss From A Rose - Seal
585,Nobody Knows - The Tony Rich Project
586,You’ll See - Madonna
587,Breakfast At Tiffany’s - Deep Blue Something
588,Only Wanna Be With You - Hootie & the Blowfish
589,Only You - 112 featuring The Notorious B.I.G. and Mase
590,Twisted - Keith Sweat
591,Hook - Blues Traveler
592,Doin’ It - LL Cool J
593,One Sweet Day - Mariah Carey and Boyz II Men
594,Tha Crossroads - Bone Thugs-n-Harmony
595,Missing - Everything but the Girl
596,Beautiful Life - Ace of Base
597,Mouth - Merril Bainbridge
598,Fastlove - George Michael
599,If It Makes You Happy - Sheryl Crow
600,Roll To Me - Del Amitri
601,The World I Know - Collective Soul
602,Jesus To A Child - George Michael
603,Loungin - LL Cool J
604,Soon As I Get Home - Faith Evans
605,All The Things (YOUR Man Won’t Do) - Joe
606,Counting Blue Cars - Dishwalla
607,If Your Girl Only Knew - Aaliyah
608,Kissin’ You - Total
609,Until It Sleeps - Metallica
610,Who Will Save Your Soul - Jewel
611,Elevators (ME & You) - Outkast
612,One Of Us - Joan Osborne
613,Children - Robert Miles
614,Theme From Mission: Impossible - Adam Clayton and Larry Mullen
615,Where Do You Go - No Mercy
616,Diggin’ On You - TLC
617,Exhale (SHOOP Shoop) - Whitney Houston
618,Gangsta’s Paradise - Coolio featuring L.V.
619,Sittin’ Up In My Room - Brandy
620,"Touch Me, Tease Me - Case featuring Foxy Brown"
621,Insensitive - Jann Arden
622,Po Pimp - Do or Die featuring Twista
623,Woo Hah!! Got You All In Check - Busta Rhymes
624,Hit Me Off - New Edition
625,Not Gon’ Cry - Mary J. Blige
626,You’re The One - SWV
627,"1, 2, 3, 4 (SUMPIN’ New) - Coolio"
628,Free As A Bird - the Beatles
629,Who Do U Love - Deborah Cox
630,Down Low (NOBODY Has To Know) - R. Kelly featuring The Isley Brothers
631,I Want To Come Over - Melissa Etheridge
632,Key West Intermezzo (I Saw You First) - John Mellencamp
633,Set U Free - Planet Soul
634,You Remind Me Of Something - R. Kelly
635,Closer To Free - BoDeans
636,"Keep On, Keepin’ On - MC Lyte featuring Xscape"
637,"The Earth, The Sun, The Rain - Color Me Badd"
638,I Can’t Sleep Baby (IF I) - R. Kelly
639,Let’s Make A Night To Remember - Bryan Adams
640,Tell Me - Groove Theory
641,C’mon N’ Ride It (THE Train) - Quad City DJ’s
642,Old Man And Me (WHEN I Get To Heaven) - Hootie & the Blowfish
643,Tonite’s Tha Night - Kris Kross
644,Someone - SWV and Puff Daddy
645,Nobody - Keith Sweat
646,Pony - Ginuwine
647,On & On - Erykah Badu
648,Last Night - Az Yet
649,Everything - Mary J. Blige
650,Wannabe - Spice Girls
651,Hypnotize - The Notorious B.I.G.
652,I Want You - Savage Garden
653,Change The World - Eric Clapton
654,Return Of The Mack - Mark Morrison
655,Barbie Girl - Aqua
656,Cupid - 112
657,Honey - Mariah Carey
658,Semi-Charmed Life - Third Eye Blind
659,Criminal - Fiona Apple
660,What About Us - Total
661,Mo Money Mo Problems - The Notorious B.I.G. featuring Puff Daddy and Mase
662,Bitch - Meredith Brooks
663,All By Myself - Celine Dion
664,I Love You Always Forever - Donna Lewis
665,In My Bed - Dru Hill
666,No Time - Lil’ Kim featuring Puff Daddy
667,Un-Break My Heart - Toni Braxton
668,Your Woman - White Town
669,Get It Together - 702
670,Mmmbop - Hanson
671,You Make Me Wanna… - Usher
672,How Do I Live - LeAnn Rimes
673,2 Become 1 - Spice Girls
674,All For You - Sister Hazel
675,Fly Like An Eagle - Seal
676,Da’ Dip - Freak Nasty
677,I Shot The Sheriff - Warren G
678,I’ll Be - Foxy Brown featuring Jay-Z
679,Smile - Scarface featuring 2Pac and Johnny P.
680,When You Love A Woman - Journey
681,Secret Garden - Bruce Springsteen
682,I Finally Found Someone - Barbra Streisand and Bryan Adams
683,Every Time I Close My Eyes - Babyface
684,Step By Step - Whitney Houston
685,The Freshmen - The Verve Pipe
686,I Believe I Can Fly - R. Kelly
687,Look Into My Eyes - Bone Thugs-n-Harmony
688,Barely Breathing - Duncan Sheik
689,My Body - LSG
690,This Is For The Lover In You - Babyface featuring LL Cool J and Shalamar
691,This Is Your Night - Amber
692,For You I Will - Monica
693,Quit Playing Games (WITH My Heart) - Backstreet Boys
694,Where Do You Go - No Mercy
695,Sunny Came Home - Shawn Colvin
696,Building A Mystery - Sarah McLachlan
697,C U When U Get There - Coolio featuring 40 Thevz
698,Everyday Is A Winding Road - Sheryl Crow
699,The One I Gave My Heart To - Aaliyah
700,Feels So Good - Mase
701,Butta Love - Next
702,Ooh Aah… Just A Little Bit - Gina G
703,What Kind Of Man Would I Be - Mint Condition
704,Cold Rock A Party - MC Lyte
705,I Belong To You (EVERY Time I See Your Face) - Rome
706,"Not Tonight - Lil’ Kim featuring Da Brat, Left Eye, Missy Elliott and Angie Martinez"
707,Where Have All The Cowboys Gone? - Paula Cole
708,I Believe In You And Me - Whitney Houston
709,Gotham City - R. Kelly
710,4 Seasons Of Loneliness - Boyz II Men
711,G.H.E.T.T.O.U.T. - Changing Faces
712,Never Make A Promise - Dru Hill
713,Don’t Let Go (LOVE) - En Vogue
714,I’m Still In Love With You - New Edition
715,Don’t Wanna Be A Player - Joe
716,Invisible Man - 98 Degrees
717,My Love Is The Shhh! - Somethin’ for the People featuring Trina & Tamara
718,Do You Know (WHAT It Takes) - Robyn
719,Hard To Say I’m Sorry - Az Yet featuring Peter Cetera
720,I Miss My Homies - Master P featuring Pimp C & the Shocker
721,Up Jumps Da Boogie - Timbaland & Magoo featuring Missy Elliott and Aaliyah
722,Big Daddy - Heavy D
723,Say You’ll Be There - Spice Girls
724,You Should Be Mine (DON’T Waste Your Time) - Brian McKnight featuring Mase
725,My Baby Daddy - B-Rock and the Bizz
726,Don’t Cry For Me Argentina - Madonna
727,It’s All Coming Back To Me Now - Celine Dion
728,I’ll Be Missing You - Puff Daddy featuring Faith Evans and 112
729,What’s On Tonight - Montell Jordan
730,Macarena (BAYSIDE Boys Mix) - Los del Río
731,It’s Your Love - Tim McGraw and Faith Hill
732,Can’t Nobody Hold Me Down - Puff Daddy featuring Mase
733,Cruel Summer - Ace of Base
734,One Week - Barenaked Ladies
735,My All - Mariah Carey
736,The Boy Is Mine - Brandy and Monica
737,Father - LL Cool J
738,How Deep Is Your Love - Dru Hill featuring Redman
739,Time After Time - INOJ
740,Bitter Sweet Symphony - The Verve
741,My Way - Usher
742,Lookin’ At Me - Mase featuring Puff Daddy
743,Doo Wop (THAT Thing) - Lauryn Hill
744,I Want You Back - ‘N Sync
745,Dangerous - Busta Rhymes
746,Say It - Voices of Theory
747,All My Life - K-Ci & JoJo
748,Come With Me - Puff Daddy featuring Jimmy Page
749,My Heart Will Go On - Celine Dion
750,I Don’t Want To Miss A Thing - Aerosmith
751,Just The Two Of Us - Will Smith
752,Gettin’ Jiggy Wit It - Will Smith
753,Show Me Love - Robyn
754,Stop - Spice Girls
755,I Still Love You - Next
756,What You Want - Mase featuring Total
757,Still Not A Player - Big Pun featuring Joe
758,Daydreamin’ - Tatyana Ali
759,I Do - Lisa Loeb
760,"No, No, No - Destiny’s Child"
761,The First Night - Monica
762,Truly Madly Deeply - Savage Garden
763,Frozen - Madonna
764,Ghetto Supastar (THAT Is What You Are) - Pras Michel featuring Ol’ Dirty Bastard and Mýa
765,How Do I Live - LeAnn Rimes
766,I Can Do That - Montell Jordan
767,Touch It - Monifah
768,Tubthumping - Chumbawamba
769,Crush - Jennifer Paige
770,Feel So Good - Mase featuring Kelly Price
771,Never Ever - All Saints
772,Spice Up Your Life - Spice Girls
773,Too Close - Next
774,I’ll Be - Edwin McCain
775,Too Much - Spice Girls
776,Together Again - Janet
777,I Don’t Want To Wait - Paula Cole
778,Kiss The Rain - Billie Myers
779,Let’s Ride - Montell Jordan featuring Master P and Silkk the Shocker
780,The Power Of Good-Bye - Madonna
781,Victory - Puff Daddy featuring The Notorious B.I.G. and Busta Rhymes
782,Ray Of Light - Madonna
783,Everybody (BACKSTREET’S Back) - Backstreet Boys
784,Gone Till November - Wyclef Jean
785,My Body - LSG
786,Something About The Way You Look Tonight / Candle In The Wind 1997 - Elton John
787,Westside - TQ
788,I Get Lonely - Janet Jackson featuring Blackstreet
789,Nobody’s Supposed To Be Here - Deborah Cox
790,Romeo And Juliet - Sylk-E. Fyne featuring Chill
791,Swing My Way - K. P. & Envyi
792,The One I Gave My Heart To - Aaliyah
793,Butta Love - Next
794,I Will Come To You - Hanson
795,"Money, Power & Respect - The LOX featuring DMX and Lil’ Kim"
796,Nobody Does It Better - Nate Dogg Featuring Warren G
797,I Don’t Ever Want To See You Again - Uncle Sam
798,My Little Secret - Xscape
799,A Song For Mama - Boyz II Men
800,Turn It Up (REMIX)/FIRE It Up - Busta Rhymes
801,Make It Hot - Nicole featuring Missy Elliott and Mocha
802,When The Lights Go Out - Five
803,All Cried Out - Allure featuring 112
804,Friend Of Mine - Kelly Price featuring R. Kelly and Ron Isley
805,Still A G Thang - Snoop Dogg
806,Body Bumpin’ (YIPPIE-YI-YO) - Public Announcement
807,Deja Vu (UPTOWN Baby) - Lord Tariq and Peter Gunz
808,The Mummers’ Dance - Loreena McKennitt
809,Nice And Slow - Usher
810,Sex And Candy - Marcy Playground
811,Looking Through Your Eyes - LeAnn Rimes
812,You’re Still The One - Shania Twain
813,Are You Jimmy Ray? - Jimmy Ray
814,Come And Get With Me - Keith Sweat Featuring Snoop Dogg
815,Thinkin’ Bout It - Gerald Levert
816,The Arms Of The One Who Loves You - Xscape
817,"Make ‘EM Say Uhh! - Master P featuring Fiend, Silkk the Shocker, Mia X and Mystikal"
818,I Got The Hook Up - Master P featuring Sons of Funk
819,Adia / Angel - Sarah McLachlan
820,Are U Still Down / They Don’t Know - Jon B.
821,It’s All About Me - Mýa and Sisqo
822,How’s It Going To Be - Third Eye Blind
823,We’re Not Making Love No More - Dru Hill
824,Have You Ever? - Brandy
825,Iris - Goo Goo Dolls
826,All Night Long - Faith Evans featuring Puff Daddy
827,All Star - Smash Mouth
828,Believe - Cher
829,Fortunate - Maxwell
830,I Want It That Way - Backstreet Boys
831,No Scrubs - TLC
832,You - Jesse Powell
833,…BABY One More Time - Britney Spears
834,If You - Silk
835,Kiss Me - Sixpence None the Richer
836,Scar Tissue - Red Hot Chili Peppers
837,Smooth - Santana featuring Rob Thomas
838,Mambo No. 5 - Lou Bega
839,Slide - Goo Goo Dolls
840,Genie In A Bottle - Christina Aguilera
841,Miami - Will Smith
842,Angel - Sarah McLachlan
843,Ex-Factor - Lauryn Hill
844,Livin’ La Vida Loca - Ricky Martin
845,Because Of You - 98 Degrees
846,Fly Away - Lenny Kravitz
847,Heartbreaker - Mariah Carey featuring Jay-Z
848,I Don’t Want To Miss A Thing - Mark Chesnutt
849,Hands - Jewel
850,Every Morning - Sugar Ray
851,Someday - Sugar Ray
852,She’s So High - Tal Bachman
853,What It’s Like - Everlast
854,"Bills, Bills, Bills - Destiny’s Child"
855,C’est La Vie - B*Witched
856,Last Kiss - Pearl Jam
857,Sometimes - Britney Spears
858,Back At One - Brian McKnight
859,Happily Ever After - Case
860,This Kiss - Faith Hill
861,(YOU Drive Me) Crazy - Britney Spears
862,Back That Azz Up - Juvenile featuring Mannie Fresh and Lil Wayne
863,If You Had My Love - Jennifer Lopez
864,Jumper - Third Eye Blind
865,My Love Is Your Love - Whitney Houston
866,Save Tonight - Eagle-Eye Cherry
867,So Anxious - Ginuwine
868,Love Like This - Faith Evans
869,Get Gone - Ideal
870,Who Dat - JT Money featuring Solé
871,Can I Get A… - Jay-Z featuring Amil and Ja Rule
872,From This Moment On - Shania Twain
873,Lost In You - Garth Brooks as Chris Gaines
874,Steal My Sunshine - Len
875,That Don’t Impress Me Much - Shania Twain
876,Angel Of Mine - Monica
877,I Do (CHERISH You) - 98 Degrees
878,Trippin’ - Total featuring Missy Elliott
879,Bailamos - Enrique Iglesias
880,Black Balloon - Goo Goo Dolls
881,Sweet Lady - Tyrese
882,Unpretty - TLC
883,Where My Girls At? - 702
884,Summer Girls - LFO
885,Anywhere - 112 featuring Lil Zane
886,Heartbreak Hotel - Whitney Houston featuring Faith Evans and Kelly Price
887,Lullaby - Shawn Mullins
888,Spend My Life With You - Eric Benét featuring Tamia
889,Tell Me It’s Real - K-Ci & JoJo
890,Faded Pictures - Case featuring Joe
891,We Can’t Be Friends - Deborah Cox & R.L.
892,Back 2 Good - Matchbox 20
893,These Are The Times - Dru Hill
894,I Still Believe - Mariah Carey
895,Lately - Divine
896,The Hardest Thing - 98 Degrees
897,808 - Blaque
898,Ghetto Cowboy - Mo Thugs
899,I Need To Know - Marc Anthony
900,My Favorite Mistake - Sheryl Crow
901,(GOD Must Have Spent) A Little More Time On You - ‘N Sync
902,Satisfy You - Puff Daddy featuring R. Kelly
903,All I Have To Give - Backstreet Boys
904,Wild Wild West - Will Smith featuring Dru Hill and Kool Moe Dee
905,I Will Remember You - Sarah McLachlan
906,Jamboree - Naughty by Nature featuring Zhané
907,Please Remember Me - Tim McGraw
908,"Take Me There - Blackstreet featuring Mýa, Mase and Blinky Blink"
909,Stay The Same - Joey McIntyre
910,Give It To You - Jordan Knight
911,She’s All I Ever Had - Ricky Martin
912,Music Of My Heart - ‘N Sync and Gloria Estefan
913,It’s Not Right But It’s Okay - Whitney Houston
914,No Pigeons - Sporty Thievz Featuring Mr. Woods
915,I’m Your Angel - R. Kelly and Celine Dion
916,Taking Everything - Gerald Levert
917,What’s It Gonna Be?! - Busta Rhymes featuring Janet
918,Almost Doesn’t Count - Brandy
919,It Ain’t My Fault 1 & 2 - Silkk the Shocker Featuring Mystikal